1788942274329739265 , 5555025_ma               , 2024-09-25T19:25:03+09:00,                          , みい＠隙間時間で副収入, https://pbs.twimg.com/profile_images/1788943939992694784/2qxFt2P7_normal.jpg
1814109268855156737 , gogoqchanE               , 2024-09-25T19:25:31+09:00,                          , ケイコ＠隙間時間で副収入, https://pbs.twimg.com/profile_images/1815882148085391367/WoCU-I1p_normal.jpg
1788929501378011137 , xyz1470ajt               , 2024-09-25T19:25:31+09:00,                          , サーナ＠隙間時間で副収入, https://pbs.twimg.com/profile_images/1789057540107481088/PIGzw5Od_normal.jpg
1829712837327130625 , ryuu_work                , 2024-09-25T19:25:37+09:00,                          , リュウ＠隙間時間で副収入, https://pbs.twimg.com/profile_images/1829741810102505472/eLcvAq3Y_normal.jpg
1816673133786726404 , kokonana25               , 2024-09-25T19:25:37+09:00,                          , 近藤＠隙間時間で副収入, https://pbs.twimg.com/profile_images/1834530924387618816/6AbFQvBZ_normal.jpg
1820961980754358275 , 1P8LrXVw2h19842          , 2024-09-25T19:25:37+09:00,                          , 彰人＠隙間時間で副収入, https://pbs.twimg.com/profile_images/1831656126796181504/pj7z0VvI_normal.jpg
1806870125171417088 , AYAKA192787              , 2024-09-25T19:25:37+09:00,                          , AYAKA＠隙間時間で副収入, https://pbs.twimg.com/profile_images/1811055609179250688/J989AXeo_normal.jpg
1821461111352459264 , LCLUrE8Fiu54387          , 2024-09-25T19:25:37+09:00,                          , でん子＠隙間時間で副収入, https://pbs.twimg.com/profile_images/1821461780461412352/dl-AeR5C_normal.jpg
1822097877667340288 , ebay944734               , 2024-09-25T19:26:00+09:00,                          , ebayパパ＠隙間時間で副収入, https://pbs.twimg.com/profile_images/1822098169293127680/hUvA51s-_normal.jpg
1792789215748685824 , C89xg7                   , 2024-09-25T19:26:00+09:00,                          , りん＠隙間時間で副収入, https://pbs.twimg.com/profile_images/1793297089688182785/w11cd-wt_normal.jpg
1805778982702661632 , NF1phVCUXJ77205          , 2024-09-25T19:26:00+09:00,                          , ゆみ＠隙間時間で副収入, https://pbs.twimg.com/profile_images/1805779298999222272/jWc_Rs6T_normal.jpg
1814515761362489344 , Rin_yu_hu_               , 2024-09-25T19:27:31+09:00,                          , Rin＠隙間時間で副収入, https://pbs.twimg.com/profile_images/1814523824286932993/n7xaYSNC_normal.jpg
1810201663988506625 , tina43672755230          , 2024-09-25T19:27:31+09:00,                          , yumirin＠隙間時間で副収入, https://pbs.twimg.com/profile_images/1835458658114871296/JL8KzOlt_normal.jpg
1802531661432930304 , eGNBk1uGNc18930          , 2024-09-25T19:27:33+09:00,                          , りりこ＠隙間時間で副収入, https://pbs.twimg.com/profile_images/1802532708591304704/uNqmbg37_normal.jpg
1811364993985888256 , sawanozin                , 2024-09-25T19:27:35+09:00,                          , さわ＠隙間時間で副収入, https://pbs.twimg.com/profile_images/1811383812766736384/Kx6_Hi6l_normal.jpg
1805164551262138368 , asukamirai55662          , 2024-09-25T19:27:35+09:00,                          , asukamirai＠隙間時間で副収入, https://pbs.twimg.com/profile_images/1805807237006606339/Shi83CYC_normal.jpg
1797534442892017664 , masayasedori             , 2024-09-25T19:27:37+09:00,                          , まさや＠隙間時間で副収入, https://pbs.twimg.com/profile_images/1797535490431975425/0ZkLkUA2_normal.jpg
1793201342070317057 , Xz4y0hIxSk93686          , 2024-09-25T19:27:37+09:00,                          , シンママゆみ＠隙間時間で副収入, https://pbs.twimg.com/profile_images/1793203375439523841/ALB19cSK_normal.jpg
1810533831071641600 , Eri_sidejob              , 2024-09-25T19:27:40+09:00,                          , えり＠隙間時間で副収入, https://pbs.twimg.com/profile_images/1829816186629955584/fhETU58e_normal.jpg
1807786618767671296 , shi_ebay                 , 2024-09-25T19:27:40+09:00,                          , ワーママしおり＠隙間時間で副収入, https://pbs.twimg.com/profile_images/1823726011751784454/9RnOZpci_normal.jpg
1829791521203441664 , n34pszRO2q83709          , 2024-09-25T19:27:40+09:00,                          , ゆみ＠隙間時間で副収入, https://pbs.twimg.com/profile_images/1829792479853613056/VbP3TkeR_normal.jpg
1760920408440860672 , t8023709                 , 2024-09-25T19:27:40+09:00,                          , TAKA ＠隙間時間で副収入, https://pbs.twimg.com/profile_images/1789248110151266305/xyNct58t_normal.jpg
1809583497662881792 , EMMsIicsJf69519          , 2024-09-25T19:27:40+09:00,                          , ユイ＠隙間時間で副収入, https://pbs.twimg.com/profile_images/1809951264823992320/waXTqa9H_normal.jpg
1786884838739574785 , bHrRlUTmcK48587          , 2024-09-25T19:27:40+09:00,                          , まさとし＠隙間時間で副収入, https://pbs.twimg.com/profile_images/1813165233478987778/N3Elfldd_normal.jpg
1790047302973022208 , 1ecR6rIoPe84916          , 2024-09-25T19:27:51+09:00,                          , ニナ＠隙間時間で副収入, https://pbs.twimg.com/profile_images/1790049972995690496/9pSPiUrQ_normal.jpg
1834416651225497600 , 0gQFgLXuxW85829          , 2024-09-25T19:27:51+09:00,                          , cho＠隙間時間で副収入, https://pbs.twimg.com/profile_images/1834427124033437697/y7Oir4QF_normal.jpg
1827944182620819456 , NCZWyI5BwR16173          , 2024-09-25T19:27:59+09:00,                          , 白百合＠隙間時間で副収入, https://pbs.twimg.com/profile_images/1828014571417960448/--AJzB26_normal.jpg
1809086767238369280 , hartseven6               , 2024-09-25T19:27:59+09:00,                          , nanami＠隙間時間で副収入, https://pbs.twimg.com/profile_images/1809089148382556160/uUgdjE4a_normal.jpg
1823852046887608323 , yasuto506995971          , 2024-09-25T19:27:59+09:00,                          , umi＠隙間時間で副収入, https://pbs.twimg.com/profile_images/1823852232196153346/BpBBmuYA_normal.png
1836735701423108096 , fukugyou_yumi            , 2024-09-25T19:27:59+09:00,                          , ゆみ＠隙間時間で副収入, https://pbs.twimg.com/profile_images/1836735872160686081/oFkpmjoH_normal.jpg
1799239931090657280 , you351_4                 , 2024-09-25T19:28:00+09:00,                          , ゆう＠隙間時間で副収入, https://pbs.twimg.com/profile_images/1799427995997974528/2kpGWVoJ_normal.jpg
1797796912084799488 , YN64oCcu6K16258          , 2024-09-25T19:28:00+09:00,                          , まい＠隙間時間で副収入, https://pbs.twimg.com/profile_images/1797798323363196928/T-ZGkz-O_normal.jpg
1817091700738949120 , gOsud6M3SG11288          , 2024-09-25T19:28:00+09:00,                          , よし＠隙間時間で副収入, https://pbs.twimg.com/profile_images/1817092713285844994/OlRHhART_normal.jpg
1272136266973433856 , labanKoech10             , 2024-09-25T19:28:05+09:00,                          , よしきパパ＠隙間時間で副収入, https://pbs.twimg.com/profile_images/1793218504822554624/3AePBkda_normal.jpg
1747457864711782401 , OvxhXx                   , 2024-09-25T19:28:05+09:00,                          , 友梨＠隙間時間で副収入, https://pbs.twimg.com/profile_images/1797969945554460672/B_hGCcG5_normal.jpg
1737126549391069184 , 9pAxsEfhYP45929          , 2024-09-25T19:28:05+09:00,                          , はるか＠隙間時間で副収入, https://pbs.twimg.com/profile_images/1754685157544763392/-wUEDW71_normal.jpg
